n,sequential_search_itr,binary_search_rec
1,8.98e-8,5.28e-7
2,1.16e-7,6.45e-7
4,1.68e-7,7.76e-7
8,2.6e-7,7.09e-7
16,3.78e-7,8.18e-7
32,6.13e-7,9.46e-7
64,1.08e-6,1.05e-6
128,2.02e-6,1.21e-6
256,3.86e-6,1.49e-6
512,7.58e-6,1.69e-6
1024,1.5e-5,1.84e-6
2048,2.99e-5,1.98e-6
4096,5.93e-5,2.09e-6
8192,0.000118,2.27e-6
16384,0.000236,2.4e-6
32768,0.000474,2.5e-6
65536,0.000951,2.73e-6
131072,0.0019,2.86e-6
262144,0.00381,3.02e-6
524288,0.00761,3.16e-6
1048576,0.0152,3.28e-6
2097152,0.0307,2.57e-6
4194304,0.0616,2.75e-6
